{"Chapman 1996": [{"1-1-4479": [[35, 0.36278387017060115, 0.14786661072752671], [38, 0.7717629467669831, 0.4137570089439946], [43, 0.7574384670890625, 0.6256137520951351]], "1-4-413": [[34, 0.0, 0.0], [36, 0.05696045008991333, 0.316356704015884], [38, 0.4095728151518039, 0.7986960598027515], [41, 0.5194251347692808, null]], "1-2-413": [[32, 0.3675305832952333, 0.029823340601708017], [35, 0.13155151440520835, 0.22475771379703074], [37, 0.30853581607272695, 0.45202881850726023], [39, 0.6197840281374934, 0.6206488178341286], [42, 0.5804541922729619, 0.8516462710481453], [45, 0.7350611665904667, null]], "1-4-3630": [[32, 0.20452674093786796, 0.5582988880749187], [34, 0.20788316819129463, 0.6782636169183245], [36, 0.5018102823262812, 0.7805799533813189], [40, 0.8331376088720951, 0.8967426914025897], [43, 1.0, null]], "1-3-3630": [[31, 0.1410449406544727, 0.1748834055712025], [33, 0.2481848374284924, 0.3109533450471489], [35, 0.49365730571636335, 0.4348831827630598], [37, 0.3580371570459692, 0.5588596349759307], [39, 0.6903065118904388, 0.6642252002442415], [42, 0.9506971715602344, null]], "1-3-413": [[33, 0.05255278982071339, 0.06813947643276923], [35, 0.16376132085991882, 0.36663439435425066], [37, 0.39194220092642224, 0.8246345756866051], [39, 0.819145630303608, 0.8358091101176157], [42, 0.6360584577925645, null]], "1-6-3630": [[33, 0.043897718545101105, 0.17206469950961523], [35, 0.36346197588146556, 0.5891738334221992], [38, 0.7106495221078596, 0.9288996334832208], [41, 0.7974464355158762, 1.0], [44, 0.6414832497766428, null]], "1-5-413": [[34, 0.0, 0.021163177753537866], [36, 0.2149578992589036, 0.5688280765038433], [38, 0.3587152627568334, 0.8546936692701307], [41, 0.8408094349223796, null]]}, {"selectivity_samples": {"39": 3, "38": 4, "43": 2, "33": 3, "32": 2, "44": 1, "42": 3, "37": 3, "36": 3, "35": 5, "34": 3, "40": 1, "45": 1, "41": 3, "31": 1}, "std_stabilities": {"39": 0.09287619633259835, "38": 0.19899283324136166, "43": 0.0, "33": 0.0994703097200947, "32": 0.26423777373660534, "31": 0.0, "42": 0.0, "37": 0.15666106115514977, "36": 0.18976121736379065, "35": 0.1556881857672277, "34": 0.31486688567963145, "40": 0.0, "41": 0.0}, "stability_samples": {"39": 3, "38": 4, "43": 1, "33": 3, "32": 2, "31": 1, "42": 1, "37": 3, "36": 3, "35": 5, "34": 3, "40": 1, "41": 1}, "eye_openings": {"1-1-4479": 32, "1-4-413": 34, "1-2-413": 32, "1-4-3630": 30, "1-6-3630": 33, "1-3-3630": 31, "1-3-413": 33, "1-5-413": 34}, "days": [31, 32, 33, 34, 35, 36, 37, 38, 39, 40, 41, 42, 43, 44, 45], "std_selectivities": {"39": 0.08254156364887207, "38": 0.1807305190731495, "43": 0.12128076645546876, "33": 0.09432805359292941, "32": 0.08150192117868267, "44": 0.0, "42": 0.16301643347864037, "37": 0.03424837351052418, "36": 0.18413125054822108, "35": 0.13591317341187448, "34": 0.09799706528173867, "40": 0.0, "45": 0.0, "41": 0.14238604089323675, "31": 0.0}, "excluded_days": [55], "mean_stabilities": {"39": 0.7068943760653287, "38": 0.7490115928750244, "43": 0.6256137520951351, "33": 0.1837191736631778, "32": 0.29406111433831333, "31": 0.1748834055712025, "42": 0.8516462710481453, "37": 0.6118410097232654, "36": 0.5552549113003487, "35": 0.3526631470128134, "34": 0.23314226489062076, "40": 0.8967426914025897, "41": 1.0}, "mean_selectivities": {"39": 0.7097453901105135, "38": 0.56267513669587, "43": 0.8787192335445313, "33": 0.1148784485981023, "32": 0.28602866211655065, "44": 0.6414832497766428, "42": 0.7224032738752536, "37": 0.3528383913483728, "36": 0.2579095438916994, "35": 0.30304319740671143, "34": 0.06929438939709821, "40": 0.8331376088720951, "45": 0.7350611665904667, "41": 0.7192270017358456, "31": 0.1410449406544727}, "metadata": "\n- Normalized Chapman data (by postnatal day).\n- Values are lists of triples (day, selectivity, stability). NOTE: NOW STABILITY.\n- Day 55 is excluded.\n- Selectivity is now normalized from lowest recorded value (now 0.0) to highest recorded value (now 1.0).\n- Similarity is now expressed as stability which is then normalized. Lowest stability is 0.0 and highest stability is 1.0.\n- Now includes statistics needed for plotting:\n    - Mean and standard deviations for selectivity/stability.\n    - Number of samples respectively.\n"}], "Kaschube 2010": {"Ferret": {"y": [3.0469974236338793, 3.290457396092277, 3.2161232150133805, 3.075695801064337, 2.735415040103191, 3.219726041617204, 3.4263295120364807, 2.8568344378320583, 3.6477169950714465, 3.6164096742382155, 2.9629314695446585, 2.90350553648159, 2.868678212644631, 2.9096758946881436, 3.0864628690757643, 3.346363326151608, 3.5036867545185797, 3.021901872807245, 3.5718505773909226, 3.0838953374730433, 3.6876793821138567, 2.760013649329301, 2.931210030710998, 2.643149549605264, 2.8163336973890707, 2.9778397175604865, 3.316588241920005, 3.0280308192137553, 3.435522931646237, 3.6640746560888067, 2.980407249163207, 3.3078917639107828, 3.3837581815912974, 2.503219077256755, 2.9685634743506344, 3.2017533203981303, 3.075198859463812, 3.87987154611784, 3.090604049080165, 2.0245400805487184, 3.045465187032261, 3.0516355452388053, 2.5626864221198664, 2.9199046092989933, 2.895347411872936, 3.0782633326670674, 2.910669777889194, 3.357585923963517, 2.9527027549338087, 3.229499226427581, 3.5692830457882017, 3.3289289583331025, 3.417053268826638, 2.94148015712189, 3.6031578982241537, 2.6738771052378745, 3.409350674018457, 3.168499644962842, 3.1208346631122508, 2.908640599687041, 2.4268557179757058, 3.081866159270891, 2.848676313223395, 3.577979523797433, 3.1177287781089524, 3.512383232527811, 3.3529892141586437, 2.829709708803271, 2.8599817346353995, 3.4990486329136634, 3.275590559876492, 3.380693708388042, 3.1490360989421835, 2.776412722146704, 2.9968063219806105, 3.25153030405096, 3.0111348047958177, 3.1259283145176586, 3.319694126923303, 3.2765844430775517, 2.8148842843875292, 3.340689909545589], "x": [0.9402367477355347, 1.0538816908815534, 0.9764790678668027, 0.8724662040055855, 0.7277008097001404, 0.8323994726637393, 0.9168269027001827, 0.682042653244281, 0.44112946045898616, 0.6652127725696175, 0.5801736838742928, 0.7748108831745556, 0.7663218023937232, 0.7440673126029241, 0.7599024756606193, 0.756763863552422, 0.6773779836740276, 0.49779747277470254, 0.678823722322291, 0.6487783075936251, 0.788267373669936, 0.5413982319234171, 0.6807390171127267, 0.43677370940331867, 0.7418554560384857, 0.6026505949955944, 0.8545798220110371, 0.6892404546341423, 0.5983010223102184, 0.8857064515407558, 0.792400703395101, 0.8573353751611473, 0.7774799391405816, 0.6125977711652743, 0.7802416706609834, 0.8189368037980664, 0.7521733344256695, 0.8161874290182485, 1.044558530111338, 0.5969912078083724, 0.6605542813696557, 0.7384202821562861, 0.8357605061024383, 0.8285009210096592, 0.4855642995970838, 0.9055081283257397, 0.7191375884758076, 0.7132434232175, 0.8546539624545382, 0.7136264821755871, 0.5775725899814763, 0.6504588243129743, 0.8110593816761152, 0.6842606881790104, 0.6265176394325338, 0.7228013620588012, 0.913540009704984, 0.8634519617499568, 0.8353774471443512, 0.7462112070941531, 0.800667362845431, 0.693583848949226, 0.8551853022996267, 0.8777425322347202, 0.8847796959969969, 0.5865930106073967, 0.5827685993968185, 0.5975410827643365, 0.5755769763772481, 0.6790708571339606, 0.7183591138190495, 0.6453307769708417, 0.8990888015926358, 0.8051652164178084, 0.5252541503511352, 0.7851287615617387, 0.8889192040924534, 0.8690989921965947, 0.6862501234129464, 0.5616694648505717, 0.8692596298241794, 0.8372124231209942], "line": [297.571, 620.779, 62.091, 0.0]}, "Galago": {"y": [2.850705491425548, 3.172061059766613, 2.69031758985533, 3.1423273873350617, 3.293521869295523, 3.4847201500984557, 3.1812544793763786, 3.301721405704229, 2.8353831254092903], "x": [0.4726391489467919, 0.5537179022851201, 0.27548735293779686, 0.6013593156046232, 0.45237409438992887, 0.47203366865820295, 0.41443890079872775, 0.5036978164033017, 0.48304352451805926], "line": [284.524, 620.852, 38.497, 0.0]},